Decision,Feature 1,Feature 2,Feature 3,Probability
0,1,,,0.1486579490708878
0,,1,,0.1486579490708878
0,,,1,0.1486579490708878
0,1,1,,0.14246386785960083
0,1,,1,0.14246386785960083
0,,1,1,0.14246386785960083
0,1,1,1,0.12663454920853406

